subject	A1	A2	B1	B2	C1	C2	DQA11	DQA12	DQB11	DQB12	DRB11	DRB12
SRR8281233	A*01:01P	A*02:01P	B*57:01P	B*44:02P	C*05:01P	C*06:02P	DQA1*01:02P	DQA1*03:01P	DQB1*06:02P	DQB1*03:02P	DRB1*04:01P	DRB1*15:01P
SRR8281236	A*33:01P	A*24:02P	B*14:02P	B*15:01P	C*06:02P	C*08:02P	DQA1*01:02P	DQA1*03:01P	DQB1*03:02P	DQB1*05:02P	DRB1*04:03P	DRB1*16:02P
SRR8281243	A*01:01P	A*24:02P	B*35:02P	B*41:01P	C*04:01P	C*17:01P	DQA1*01:02P	DQA1*01:01P	DQB1*05:01P	DQB1*06:09P	DRB1*10:01P	DRB1*13:02P
SRR8281244	A*25:01P	A*02:01P	B*18:01P	B*08:01P	C*07:02P	C*12:03P	DQA1*01:02P	DQA1*01:02P	DQB1*06:02P	DQB1*06:02P	DRB1*15:01P	DRB1*15:01P
SRR8281250	A*01:01P	A*02:01P	B*35:01P	B*08:01P	C*07:01P	C*04:01P	DQA1*05:01P	DQA1*01:01P	DQB1*02:01P	DQB1*05:01P	DRB1*01:01P	DRB1*03:01P
SRR8281219	A*03:01P	A*26:01P	B*35:01P	B*07:02P	C*07:02P	C*04:01P	DQA1*02:01P	DQA1*03:01P	DQB1*03:02P	DQB1*03:03P	DRB1*04:02P	DRB1*07:01P
SRR8281245	A*25:01P	A*02:01P	B*18:01P	B*08:01P	C*07:02P	C*12:03P	DQA1*01:02P	DQA1*01:02P	DQB1*06:02P	DQB1*06:02P	DRB1*15:01P	DRB1*15:01P
SRR8281230	A*01:01P	A*02:01P	B*57:01P	B*44:02P	C*05:01P	C*06:02P	DQA1*03:01P	DQA1*01:02P	DQB1*06:02P	DQB1*03:02P	DRB1*04:01P	DRB1*15:01P
SRR8281251	A*24:02P	A*01:01P	B*35:02P	B*41:01P	C*04:01P	C*17:01P	DQA1*01:02P	DQA1*01:01P	DQB1*05:01P	DQB1*06:09P	DRB1*10:01P	DRB1*13:02P
SRR8281218	A*26:01P	A*03:01P	B*35:01P	B*07:02P	C*07:02P	C*04:01P	DQA1*02:01P	DQA1*03:01P	DQB1*03:02P	DQB1*03:02P	DRB1*04:02P	DRB1*07:01P
SRR8281238	A*01:01P	A*02:01P	B*35:01P	B*08:01P	C*07:01P	C*04:01P	DQA1*05:01P	DQA1*01:01P	DQB1*02:01P	DQB1*05:01P	DRB1*01:01P	DRB1*03:01P
SRR8281226	A*33:01P	A*24:02P	B*14:02P	B*15:01P	C*06:02P	C*08:02P	DQA1*03:01P	DQA1*01:02P	DQB1*05:02P	DQB1*03:02P	DRB1*04:03P	DRB1*16:02P
