HLA-A*01:01	HLA-A*24:02	HLA-B*35:02	HLA-B*41:01	HLA-C*04:01	HLA-C*17:01	Gene	AA_change	Num_Transcript	Peptide	Pos	Num_Peptides	ic50_MT	ic50_WT	percentile_MT	percentile_WT	RNA_expr	RNA_VAF	RNA_Depth	DNA_VAF	tier
	X		X			PTPRS	R1901W	1	MWYEGVVDIF	2	6	45.96	298.37	0.08	0.31	0.0	0.0	0.0	0.032	NoExpr
	X					PIK3CG	W697L	1	RIGHFLFLF	8	2	218.29	1938.29	0.25	1.2	0.0	0.0	0.0	0.027	NoExpr
		X				CDK11A	V658A	1	WPGYSELPA	9	2	629.12	167.7	0.17	0.06	0.0	0.0	0.0	0.292	NoExpr
	X					PIK3CG	L695F	1	RIGHFFFWF	6	2	825.07	1938.29	0.59	1.2	0.0	0.0	0.0	0.028	NoExpr
						PIK3CG	W697C	0	RIGHFLFCF	8	0	1485.57	1938.29	0.86	1.2	0.0	0.0	0.0	0.027	NoExpr
						KIF21A	M764I	0	KLQQDVIEM	7	0	1538.13	1126.05	0.74	0.56	0.0	0.0	0.0	0.047	NoExpr
						KIF21A	M764K	0	KEMKKTKVRL	1	0	1978.35	843.49	1.9	0.93	0.0	0.0	0.0	0.048	NoExpr
						ZFHX3	VA777-778A	0	AAAAAAAAA	3	0	3906.89	6009.22	2.9	4.1	0.0	0.0	0.0	0.029	NoExpr
						CNPY3	LL17-18L	0	LPLLLLLLLLP	11	0	35139.28	19419.07	21.0	5.0	0.0	0.0	0.0	0.111	NoExpr
						FAM155A	Q86-	0	RQQQQQQQQR	10	0	36241.69	37367.36	59.0	65.0	0.0	0.0	0.0	0.055	NoExpr
