HLA-DPA1*01:03/DPB1*02:01	HLA-DQA1*01:02/DQB1*05:01	HLA-DQA1*01:02/DQB1*06:04	HLA-DQA1*01:05/DQB1*05:01	HLA-DQA1*01:05/DQB1*06:04	HLA-DRB1*10:01	HLA-DRB1*13:02	Gene	AA_change	Num_Transcript	Peptide	Pos	Num_Peptides	ic50_MT	ic50_WT	percentile_MT	percentile_WT	RNA_expr	RNA_VAF	RNA_Depth	DNA_VAF	tier
X	X	X	X		X	X	PIK3CG	W697L	1	HFLFLFLRSEIAQSR	5	105	5.23	8.26	0.01	0.11	0.0	0.0	0.0	0.027	NoExpr
X	X	X	X		X	X	PIK3CG	W697C	1	HFLFCFLRSEIAQSR	5	102	7.03	8.26	0.05	0.11	0.0	0.0	0.0	0.027	NoExpr
X	X	X	X		X	X	PIK3CG	L695F	1	HFFFWFLRSEIAQSR	3	96	7.7	8.26	0.09	0.11	0.0	0.0	0.0	0.028	NoExpr
X	X	X	X		X	X	CNPY3	LL17-18L	1	PLLLLLLLLPAPELG	10	35	19.3	19.67	2.0	2.1	0.0	0.0	0.0	0.111	NoExpr
	X	X			X	X	ZFHX3	VA777-778A	1	EQVFSHTAGAAAAAA	15	52	29.85	27.69	4.2	3.7	0.0	0.0	0.0	0.029	NoExpr
X	X	X	X		X	X	PTPRS	R1901W	1	TGVFITLSIVLERMW	15	104	53.88	29.06	9.6	4.1	0.0	0.0	0.0	0.032	NoExpr
X	X				X	X	CDK11A	V658A	1	AVKKMTFSEHPYNNLRK	1	64	100.57	100.16	3.0	3.0	0.0	0.0	0.0	0.292	NoExpr
	X				X	X	KIF21A	M764I	1	VIEMKKTKVRLMKQM	2	47	177.18	191.24	30.0	32.0	0.0	0.0	0.0	0.047	NoExpr
	X				X	X	KIF21A	M764K	1	VKEMKKTKVRLMKQM	2	26	178.7	191.24	30.0	32.0	0.0	0.0	0.0	0.048	NoExpr
							FAM155A	Q86-	0	QQRQQQQQQQQRQRQ	12	0	10022.92	10662.02	98.0	98.0	0.0	0.0	0.0	0.055	NoExpr
