chromosome_name	start	stop	reference	variant	gene_name	transcript_name	transcript_support_level	amino_acid_change	codon_change	ensembl_gene_id	hgvsc	hgvsp	wildtype_amino_acid_sequence	frameshift_amino_acid_sequence	fusion_amino_acid_sequence	variant_type	protein_position	transcript_expression	gene_expression	normal_depth	normal_vaf	tdna_depth	tdna_vaf	trna_depth	trna_vaf	index	protein_length_change
chr1	1703571	1703572	A	G	CDK11A	ENST00000378633.5	1	V/A	gTa/gCa	ENSG00000008128	ENST00000378633.5:c.1973T>C	ENSP00000367900.1:p.Val658Ala	MGDEKDSWKVKTLDEILQEKKRRKEQEEKAEIKRLKNSDDRDSKRDSLEEGELRDHCMEITIRNSPYRREDSMEDRGEEDDSLAIKPPQQMSRKEKVHHRKDEKRKEKWKHARVKEREHERRKRHREEQDKARREWERQKRREMAREHSRRERDRLEQLERKRERERKMREQQKEQREQKERERRAEERRKEREARREVSAHHRTMREDYSDKVKASHWSRSPPRPPRERFELGDGRKPGEARPAPAQKPAQLKEEKMEERDLLSDLQDISDSERKTSSAESSSAESGSGSEEEEEEEEEEEEEGSTSEESEEEEEEEEEEEEETGSNSEEASEQSAEEVSEEEMSEDEERENENHLLVVPESRFDRDSGESEEAEEEVGEGTPQSSALTEGDYVPDSPALLPIELKQELPKYLPALQGCRSVEEFQCLNRIEEGTYGVVYRAKDKKTDEIVALKRLKMEKEKEGFPITSLREINTILKAQHPNIVTVREIVVGSNMDKIYIVMNYVEHDLKSLMETMKQPFLPGEVKTLMIQLLRGVKHLHDNWILHRDLKTSNLLLSHAGILKVGDFGLAREYGSPLKAYTPVVVTQWYRAPELLLGAKEYSTAVDMWSVGCIFGELLTQKPLFPGNSEIDQINKVFKELGTPSEKIWPGYSELPVVKKMTFSEHPYNNLRKRFGALLSDQGFDLMNKFLTYFPGRRISAEDGLKHEYFRETPLPIDPSMFPTWPAKSEQQRVKRGTSPRPPEGGLGYSQLGDDDLKETGFHLTTTNQGASAAGPGFSLKF			missense	658	NA	NA	NA	0.0	NA	0.292	NA	NA	1.CDK11A.ENST00000378633.5.missense.658V/A	
chr6	42929619	42929622	TTGC	T	CNPY3	ENST00000372836.4	1	LL/L	tTGCtg/ttg	ENSG00000137161	ENST00000372836.4:c.74_76del	ENSP00000361926.4:p.Leu25del	MDSMPEPASRCLLLLPLLLLLLLLLPAPELGPSQAGAEENDWVRLPSKCEVCKYVAVELKSAFEETGKTKEVIGTGYGILDQKASGVKYTKSDLRLIEVTETICKRLLDYSLHKERTGSNRFAKGMSETFETLHNLVHKGVKVVMDIPYELWNETSAEVADLKKQCDVLVEEFEEVIEDWYRNHQEEDLTEFLCANHVLKGKDTSCLAEQWSGKKGDTAALGGKKSKKKSSRAKAAGGRSSSSKQRKELGGLEGDPSPEEDEGIQKASPLTHSPPDEL			inframe_del	17-18	NA	NA	NA	0.0	NA	0.111	NA	NA	2.CNPY3.ENST00000372836.4.inframe_del.17-18LL/L	
chr7	106872735	106872736	G	T	PIK3CG	ENST00000359195.3	1	L/F	ttG/ttT	ENSG00000105851	ENST00000359195.3:c.2085G>T	ENSP00000352121.3:p.Leu695Phe	MELENYKQPVVLREDNCRRRRRMKPRSAAASLSSMELIPIEFVLPTSQRKCKSPETALLHVAGHGNVEQMKAQVWLRALETSVAADFYHRLGPHHFLLLYQKKGQWYEIYDKYQVVQTLDCLRYWKATHRSPGQIHLVQRHPPSEESQAFQRQLTALIGYDVTDVSNVHDDELEFTRRGLVTPRMAEVASRDPKLYAMHPWVTSKPLPEYLWKKIANNCIFIVIHRSTTSQTIKVSPDDTPGAILQSFFTKMAKKKSLMDIPESQSEQDFVLRVCGRDEYLVGETPIKNFQWVRHCLKNGEEIHVVLDTPPDPALDEVRKEEWPLVDDCTGVTGYHEQLTIHGKDHESVFTVSLWDCDRKFRVKIRGIDIPVLPRNTDLTVFVEANIQHGQQVLCQRRTSPKPFTEEVLWNVWLEFSIKIKDLPKGALLNLQIYCGKAPALSSKASAESPSSESKGKVQLLYYVNLLLIDHRFLLRRGEYVLHMWQISGKGEDQGSFNADKLTSATNPDKENSMSISILLDNYCHPIALPKHQPTPDPEGDRVRAEMPNQLRKQLEAIIATDPLNPLTAEDKELLWHFRYESLKHPKAYPKLFSSVKWGQQEIVAKTYQLLARREVWDQSALDVGLTMQLLDCNFSDENVRAIAVQKLESLEDDDVLHYLLQLVQAVKFEPYHDSALARFLLKRGLRNKRIGHFLFWFLRSEIAQSRHYQQRFAVILEAYLRGCGTAMLHDFTQQVQVIEMLQKVTLDIKSLSAEKYDVSSQVISQLKQKLENLQNSQLPESFRVPYDPGLKAGALAIEKCKVMASKKKPLWLEFKCADPTALSNETIGIIFKHGDDLRQDMLILQILRIMESIWETESLDLCLLPYGCISTGDKIGMIEIVKDATTIAKIQQSTVGNTGAFKDEVLNHWLKEKSPTEEKFQAAVERFVYSCAGYCVATFVLGIGDRHNDNIMITETGNLFHIDFGHILGNYKSFLGINKERVPFVLTPDFLFVMGTSGKKTSPHFQKFQDICVKAYLALRHHTNLLIILFSMMLMTGMPQLTSKEDIEYIRDALTVGKNEEDAKKYFLDQIEVCRDKGWTVQFNWFLHLVLGIKQGEKHSA			missense	695	NA	NA	NA	0.011	NA	0.028	NA	NA	3.PIK3CG.ENST00000359195.3.missense.695L/F	
chr7	106872740	106872741	G	T	PIK3CG	ENST00000359195.3	1	W/L	tGg/tTg	ENSG00000105851	ENST00000359195.3:c.2090G>T	ENSP00000352121.3:p.Trp697Leu	MELENYKQPVVLREDNCRRRRRMKPRSAAASLSSMELIPIEFVLPTSQRKCKSPETALLHVAGHGNVEQMKAQVWLRALETSVAADFYHRLGPHHFLLLYQKKGQWYEIYDKYQVVQTLDCLRYWKATHRSPGQIHLVQRHPPSEESQAFQRQLTALIGYDVTDVSNVHDDELEFTRRGLVTPRMAEVASRDPKLYAMHPWVTSKPLPEYLWKKIANNCIFIVIHRSTTSQTIKVSPDDTPGAILQSFFTKMAKKKSLMDIPESQSEQDFVLRVCGRDEYLVGETPIKNFQWVRHCLKNGEEIHVVLDTPPDPALDEVRKEEWPLVDDCTGVTGYHEQLTIHGKDHESVFTVSLWDCDRKFRVKIRGIDIPVLPRNTDLTVFVEANIQHGQQVLCQRRTSPKPFTEEVLWNVWLEFSIKIKDLPKGALLNLQIYCGKAPALSSKASAESPSSESKGKVQLLYYVNLLLIDHRFLLRRGEYVLHMWQISGKGEDQGSFNADKLTSATNPDKENSMSISILLDNYCHPIALPKHQPTPDPEGDRVRAEMPNQLRKQLEAIIATDPLNPLTAEDKELLWHFRYESLKHPKAYPKLFSSVKWGQQEIVAKTYQLLARREVWDQSALDVGLTMQLLDCNFSDENVRAIAVQKLESLEDDDVLHYLLQLVQAVKFEPYHDSALARFLLKRGLRNKRIGHFLFWFLRSEIAQSRHYQQRFAVILEAYLRGCGTAMLHDFTQQVQVIEMLQKVTLDIKSLSAEKYDVSSQVISQLKQKLENLQNSQLPESFRVPYDPGLKAGALAIEKCKVMASKKKPLWLEFKCADPTALSNETIGIIFKHGDDLRQDMLILQILRIMESIWETESLDLCLLPYGCISTGDKIGMIEIVKDATTIAKIQQSTVGNTGAFKDEVLNHWLKEKSPTEEKFQAAVERFVYSCAGYCVATFVLGIGDRHNDNIMITETGNLFHIDFGHILGNYKSFLGINKERVPFVLTPDFLFVMGTSGKKTSPHFQKFQDICVKAYLALRHHTNLLIILFSMMLMTGMPQLTSKEDIEYIRDALTVGKNEEDAKKYFLDQIEVCRDKGWTVQFNWFLHLVLGIKQGEKHSA			missense	697	NA	NA	NA	0.01	NA	0.027	NA	NA	4.PIK3CG.ENST00000359195.3.missense.697W/L	
chr7	106872741	106872742	G	T	PIK3CG	ENST00000359195.3	1	W/C	tgG/tgT	ENSG00000105851	ENST00000359195.3:c.2091G>T	ENSP00000352121.3:p.Trp697Cys	MELENYKQPVVLREDNCRRRRRMKPRSAAASLSSMELIPIEFVLPTSQRKCKSPETALLHVAGHGNVEQMKAQVWLRALETSVAADFYHRLGPHHFLLLYQKKGQWYEIYDKYQVVQTLDCLRYWKATHRSPGQIHLVQRHPPSEESQAFQRQLTALIGYDVTDVSNVHDDELEFTRRGLVTPRMAEVASRDPKLYAMHPWVTSKPLPEYLWKKIANNCIFIVIHRSTTSQTIKVSPDDTPGAILQSFFTKMAKKKSLMDIPESQSEQDFVLRVCGRDEYLVGETPIKNFQWVRHCLKNGEEIHVVLDTPPDPALDEVRKEEWPLVDDCTGVTGYHEQLTIHGKDHESVFTVSLWDCDRKFRVKIRGIDIPVLPRNTDLTVFVEANIQHGQQVLCQRRTSPKPFTEEVLWNVWLEFSIKIKDLPKGALLNLQIYCGKAPALSSKASAESPSSESKGKVQLLYYVNLLLIDHRFLLRRGEYVLHMWQISGKGEDQGSFNADKLTSATNPDKENSMSISILLDNYCHPIALPKHQPTPDPEGDRVRAEMPNQLRKQLEAIIATDPLNPLTAEDKELLWHFRYESLKHPKAYPKLFSSVKWGQQEIVAKTYQLLARREVWDQSALDVGLTMQLLDCNFSDENVRAIAVQKLESLEDDDVLHYLLQLVQAVKFEPYHDSALARFLLKRGLRNKRIGHFLFWFLRSEIAQSRHYQQRFAVILEAYLRGCGTAMLHDFTQQVQVIEMLQKVTLDIKSLSAEKYDVSSQVISQLKQKLENLQNSQLPESFRVPYDPGLKAGALAIEKCKVMASKKKPLWLEFKCADPTALSNETIGIIFKHGDDLRQDMLILQILRIMESIWETESLDLCLLPYGCISTGDKIGMIEIVKDATTIAKIQQSTVGNTGAFKDEVLNHWLKEKSPTEEKFQAAVERFVYSCAGYCVATFVLGIGDRHNDNIMITETGNLFHIDFGHILGNYKSFLGINKERVPFVLTPDFLFVMGTSGKKTSPHFQKFQDICVKAYLALRHHTNLLIILFSMMLMTGMPQLTSKEDIEYIRDALTVGKNEEDAKKYFLDQIEVCRDKGWTVQFNWFLHLVLGIKQGEKHSA			missense	697	NA	NA	NA	0.01	NA	0.027	NA	NA	5.PIK3CG.ENST00000359195.3.missense.697W/C	
chr12	39340182	39340183	C	T	KIF21A	ENST00000361418.9	1	M/I	atG/atA	ENSG00000139116	ENST00000361418.9:c.2292G>A	ENSP00000354878.5:p.Met764Ile	MLGAPDESSVRVAVRIRPQLAKEKIEGCHICTSVTPGEPQVFLGKDKAFTFDYVFDIDSQQEQIYIQCIEKLIEGCFEGYNATVFAYGQTGAGKTYTMGTGFDVNIVEEELGIISRAVKHLFKSIEEKKHIAIKNGLPAPDFKVNAQFLELYNEEVLDLFDTTRDIDAKSKKSNIRIHEDSTGGIYTVGVTTRTVNTESEMMQCLKLGALSRTTASTQMNVQSSRSHAIFTIHVCQTRVCPQIDADNATDNKIISESAQMNEFETLTAKFHFVDLAGSERLKRTGATGERAKEGISINCGLLALGNVISALGDKSKRATHVPYRDSKLTRLLQDSLGGNSQTIMIACVSPSDRDFMETLNTLKYANRARNIKNKVMVNQDRASQQINALRSEITRLQMELMEYKTGKRIIDEEGVESINDMFHENAMLQTENNNLRVRIKAMQETVDALRSRITQLVSDQANHVLARAGEGNEEISNMIHSYIKEIEDLRAKLLESEAVNENLRKNLTRATARAPYFSGSSTFSPTILSSDKETIEIIDLAKKDLEKLKRKEKRKKKRLQKLEESNREERSVAGKEDNTDTDQEKKEEKGVSERENNELEVEESQEVSDHEDEEEEEEEEEDDIDGGESSDESDSESDEKANYQADLANITCEIAIKQKLIDELENSQKRLQTLKKQYEEKLMMLQHKIRDTQLERDQVLQNLGSVESYSEEKAKKVRSEYEKKLQAMNKELQRLQAAQKEHARLLKNQSQYEKQLKKLQQDVMEMKKTKVRLMKQMKEEQEKARLTESRRNREIAQLKKDQRKRDHQLRLLEAQKRNQEVVLRRKTEEVTALRRQVRPMSDKVAGKVTRKLSSSDAPAQDTGSSAAAVETDASRTGAQQKMRIPVARVQALPTPATNGNRKKYQRKGLTGRVFISKTARMKWQLLERRVTDIIMQKMTISNMEADMNRLLKQREELTKRREKLSKRREKIVKENGEGDKNVANINEEMESLTANIDYINDSISDCQANIMQMEEAKEEGETLDVTAVINACTLTEARYLLDHFLSMGINKGLQAAQKEAQIKVLEGRLKQTEITSATQNQLLFHMLKEKAELNPELDALLGHALQDLDSVPLENVEDSTDEDAPLNSPGSEGSTLSSDLMKLCGEVKPKNKARRRTTTQMELLYADSSELASDTSTGDASLPGPLTPVAEGQEIGMNTETSGTSAREKELSPPPGLPSKIGSISRQSSLSEKKIPEPSPVTRRKAYEKAEKSKAKEQKHSDSGTSEASLSPPSSPPSRPRNELNVFNRLTVSQGNTSVQQDKSDESDSSLSEVHRSSRRGIINPFPASKGIRAFPLQCIHIAEGHTKAVLCVDSTDDLLFTGSKDRTCKVWNLVTGQEIMSLGGHPNNVVSVKYCNYTSLVFTVSTSYIKVWDIRDSAKCIRTLTSSGQVTLGDACSASTSRTVAIPSGENQINQIALNPTGTFLYAASGNAVRMWDLKRFQSTGKLTGHLGPVMCLTVDQISSGQDLIITGSKDHYIKMFDVTEGALGTVSPTHNFEPPHYDGIEALTIQGDNLFSGSRDNGIKKWDLTQKDLLQQVPNAHKDWVCALGVVPDHPVLLSGCRGGILKVWNMDTFMPVGEMKGHDSPINAICVNSTHIFTAADDRTVRIWKARNLQDGQISDTGDLGEDIASN			missense	764	NA	NA	NA	0.017	NA	0.047	NA	NA	6.KIF21A.ENST00000361418.9.missense.764M/I	
chr12	39340183	39340184	A	T	KIF21A	ENST00000361418.9	1	M/K	aTg/aAg	ENSG00000139116	ENST00000361418.9:c.2291T>A	ENSP00000354878.5:p.Met764Lys	MLGAPDESSVRVAVRIRPQLAKEKIEGCHICTSVTPGEPQVFLGKDKAFTFDYVFDIDSQQEQIYIQCIEKLIEGCFEGYNATVFAYGQTGAGKTYTMGTGFDVNIVEEELGIISRAVKHLFKSIEEKKHIAIKNGLPAPDFKVNAQFLELYNEEVLDLFDTTRDIDAKSKKSNIRIHEDSTGGIYTVGVTTRTVNTESEMMQCLKLGALSRTTASTQMNVQSSRSHAIFTIHVCQTRVCPQIDADNATDNKIISESAQMNEFETLTAKFHFVDLAGSERLKRTGATGERAKEGISINCGLLALGNVISALGDKSKRATHVPYRDSKLTRLLQDSLGGNSQTIMIACVSPSDRDFMETLNTLKYANRARNIKNKVMVNQDRASQQINALRSEITRLQMELMEYKTGKRIIDEEGVESINDMFHENAMLQTENNNLRVRIKAMQETVDALRSRITQLVSDQANHVLARAGEGNEEISNMIHSYIKEIEDLRAKLLESEAVNENLRKNLTRATARAPYFSGSSTFSPTILSSDKETIEIIDLAKKDLEKLKRKEKRKKKRLQKLEESNREERSVAGKEDNTDTDQEKKEEKGVSERENNELEVEESQEVSDHEDEEEEEEEEEDDIDGGESSDESDSESDEKANYQADLANITCEIAIKQKLIDELENSQKRLQTLKKQYEEKLMMLQHKIRDTQLERDQVLQNLGSVESYSEEKAKKVRSEYEKKLQAMNKELQRLQAAQKEHARLLKNQSQYEKQLKKLQQDVMEMKKTKVRLMKQMKEEQEKARLTESRRNREIAQLKKDQRKRDHQLRLLEAQKRNQEVVLRRKTEEVTALRRQVRPMSDKVAGKVTRKLSSSDAPAQDTGSSAAAVETDASRTGAQQKMRIPVARVQALPTPATNGNRKKYQRKGLTGRVFISKTARMKWQLLERRVTDIIMQKMTISNMEADMNRLLKQREELTKRREKLSKRREKIVKENGEGDKNVANINEEMESLTANIDYINDSISDCQANIMQMEEAKEEGETLDVTAVINACTLTEARYLLDHFLSMGINKGLQAAQKEAQIKVLEGRLKQTEITSATQNQLLFHMLKEKAELNPELDALLGHALQDLDSVPLENVEDSTDEDAPLNSPGSEGSTLSSDLMKLCGEVKPKNKARRRTTTQMELLYADSSELASDTSTGDASLPGPLTPVAEGQEIGMNTETSGTSAREKELSPPPGLPSKIGSISRQSSLSEKKIPEPSPVTRRKAYEKAEKSKAKEQKHSDSGTSEASLSPPSSPPSRPRNELNVFNRLTVSQGNTSVQQDKSDESDSSLSEVHRSSRRGIINPFPASKGIRAFPLQCIHIAEGHTKAVLCVDSTDDLLFTGSKDRTCKVWNLVTGQEIMSLGGHPNNVVSVKYCNYTSLVFTVSTSYIKVWDIRDSAKCIRTLTSSGQVTLGDACSASTSRTVAIPSGENQINQIALNPTGTFLYAASGNAVRMWDLKRFQSTGKLTGHLGPVMCLTVDQISSGQDLIITGSKDHYIKMFDVTEGALGTVSPTHNFEPPHYDGIEALTIQGDNLFSGSRDNGIKKWDLTQKDLLQQVPNAHKDWVCALGVVPDHPVLLSGCRGGILKVWNMDTFMPVGEMKGHDSPINAICVNSTHIFTAADDRTVRIWKARNLQDGQISDTGDLGEDIASN			missense	764	NA	NA	NA	0.017	NA	0.048	NA	NA	7.KIF21A.ENST00000361418.9.missense.764M/K	
chr13	107866338	107866341	TCTG	T	FAM155A	ENST00000375915.3	1	Q/-	CAG/-	ENSG00000204442	ENST00000375915.3:c.256_258del	ENSP00000365080.1:p.Gln86del	MTRGAWMCRQYDDGLKIWLAAPRENEKPFIDSERAQKWRLSLASLLFFTVLLSDHLWFCAEAKLTRARDKEHQQQQRQQQQQQQQQRQRQQQQQQRRQQEPSWPALLASMGESSPAAQAHRLLSASSSPTLPPSPGDGGGGGGKGNRGKDDRGKALFLGNSAKPVWRLETCYPQGASSGQCFTVENADAVCARNWSRGAAGGDGQEVRSKHPTPLWNLSDFYLSFCNSYTLWELFSGLSSPNTLNCSLDVVLKEGGEMTTCRQCVEAYQDYDHHAQEKYEEFESVLHKYLQSEEYSVKSCPEDCKIVYKAWLCSQYFEVTQFNCRKTIPCKQYCLEVQTRCPFILPDNDEVIYGGLSSFICTGLYETFLTNDEPECCDVRREEKSNNPSKGTVEKSGSCHRTSLTVSSATRLCNSRLKLCVLVLILLHTVLTASAAQNTAGLSFGGINTLEENSTNEE			inframe_del	86	NA	NA	NA	0.0	NA	0.055	NA	NA	8.FAM155A.ENST00000375915.3.inframe_del.86Q/-	
chr16	72957813	72957816	GCCA	G	ZFHX3	ENST00000641206.1	NA	VA/A	gTGGct/gct	ENSG00000140836	ENST00000641206.1:c.2330_2332del	ENSP00000493252.1:p.Val777del	MEGCDSPVVSGKDNGCGIPQHQQWTELNSTHLPDKPSSMEQSTGESHGPLDSLRAPFNERLAESTASAGPPSEPASKEVTCNECSASFASLQTYMEHHCPSARPPPPLREESASDTGEEGDEESDVENLAGEIVYQPDGSAYIVESLSQLTQGGGACGSGSGSGPLPSLFLNSLPGAGGKQGDPSCAAPVYPQIINTFHIASSFGKWFEGPDQAFPNTSALAGLSPVLHSFRVFDVRHKSNKDYLNSDGSAKSSCVSKDVPNNVDLSKFDGFVLYGKRKPILMCFLCKLSFGYVRSFVTHAVHDHRMTLSEDERKILSNKNISAIIQGIGKDKEPLVSFLEPKNKNFQHPLVSTANLIGPGHSFYGKFSGIRMEGEEALPAGSAAGPEQPQAGLLTPSTLLNLGGLTSSVLKTPITSVPLGPLASSPTKSSEGKDSGAAEGEKQEVGDGDCFSEKVEPAEEEAEEEEEEEEAEEEEEEEEEEEEEEEDEGCKGLFPSELDEELEDRPHEEPGAAAGSSSKKDLALSNQSISNSPLMPNVLQTLSRGTASTSSNSASSFVVFDGANRRNRLSFNSEGVRANVAEGGRRLDFADESANKDNATAPEPNESTEGDDGGFVPHHQHAGSLCELGVGECPSGSGVECPKCDTVLGSSRSLGGHMTMMHSRNSCKTLKCPKCNWHYKYQQTLEAHMKEKHPEPGGSCVYCKSGQPHPRLARGESYTCGYKPFRCEVCNYSTTTKGNLSIHMQSDKHLNNMQNLQNGGGEQVFSHTAGAAAAAVAAAAAAANISSSCGAPSPTKPKTKPTWRCEVCDYETNVARNLRIHMTSEKHMHNMMLLQQNMTQIQHNRHLGLGSLPSPAEAELYQYYLAQNMNLPNLKMDSAASDAQFMMSGFQLDPAGPMAAMTPALVGGEIPLDMRLGGGQLVSEELMNLGESFIQTNDPSLKLFQCAVCNKFTTDNLDMLGLHMNVERSLSEDEWKAVMGDSYQCKLCRYNTQLKANFQLHCKTDKHVQKYQLVAHIKEGGKANEWRLKCVAIGNPVHLKCNACDYYTNSLEKLRLHTVNSRHEASLKLYKHLQQHESGVEGESCYYHCVLCNYSTKAKLNLIQHVRSMKHQRSESLRKLQRLQKGLPEEDEDLGQIFTIRRCPSTDPEEAIEDVEGPSETAADPEELAKDQEGGASSSQAEKELTDSPATSKRISFPGSSESPLSSKRPKTAEEIKPEQMYQCPYCKYSNADVNRLRVHAMTQHSVQPMLRCPLCQDMLNNKIHLQLHLTHLHSVAPDCVEKLIMTVTTPEMVMPSSMFLPAAVPDRDGNSNLEEAGKQPETSEDLGKNILPSASTEQSGDLKPSPADPGSVREDSGFICWKKGCNQVFKTSAALQTHFNEVHAKRPQLPVSDRHVYKYRCNQCSLAFKTIEKLQLHSQYHVIRAATMCCLCQRSFRTFQALKKHLETSHLELSEADIQQLYGGLLANGDLLAMGDPTLAEDHTIIVEEDKEEESDLEDKQSPTGSDSGSVQEDSGSEPKRALPFRKGPNFTMEKFLDPSRPYKCTVCKESFTQKNILLVHYNSVSHLHKLKRALQESATGQPEPTSSPDNKPFKCNTCNVAYSQSSTLEIHMRSVLHQTKARAAKLEAASGSSNGTGNSSSISLSSSTPSPVSTSGSNTFTTSNPSSAGIAPSSNLLSQVPTESVGMPPLGNPIGANIASPSEPKEANRKKLADMIASRQQQQQQQQQQQQQQQQQQQAQTLAQAQAQVQAHLQQELQQQAALIQSQLFNPTLLPHFPMTTETLLQLQQQQHLLFPFYIPSAEFQLNPEVSLPVTSGALTLTGTGPGLLEDLKAQVQVPQQSHQQILPQQQQNQLSIAQSHSALLQPSQHPEKKNKLVIKEKEKESQRERDSAEGGEGNTGPKETLPDALKAKEKKELAPGGGSEPSMLPPRIASDARGNATKALLENFGFELVIQYNENKQKVQKKNGKTDQGENLEKLECDSCGKLFSNILILKSHQEHVHQNYFPFKQLERFAKQYRDHYDKLYPLRPQTPEPPPPPPPPPPPPLPAAPPQPASTPAIPASAPPITSPTIAPAQPSVPLTQLSMPMELPIFSPLMMQTMPLQTLPAQLPPQLGPVEPLPADLAQLYQHQLNPTLLQQQNKRPRTRITDDQLRVLRQYFDINNSPSEEQIKEMADKSGLPQKVIKHWFRNTLFKERQRNKDSPYNFSNPPITSLEELKIDSRPPSPEPPKQEYWGSKRSSRTRFTDYQLRVLQDFFDANAYPKDDEFEQLSNLLNLPTRVIVVWFQNARQKARKNYENQGEGKDGERRELTNDRYIRTSNLNYQCKKCSLVFQRIFDLIKHQKKLCYKDEDEEGQDDSQNEDSMDAMEILTPTSSSCSTPMPSQAYSAPAPSANNTASSAFLQLTAEAEELATFNSKTEAGDEKPKLAEAPSAQPNQTQEKQGQPKPELQQQEQPEQKTNTPQQKLPQLVSLPSLPQPPPQAPPPQCPLPQSSPSPSQLSHLPLKPLHTSTPQQLANLPPQLIPYQCDQCKLAFPSFEHWQEHQQLHFLSAQNQFIHPQFLDRSLDMPFMLFDPSNPLLASQLLSGAIPQIPASSATSPSTPTSTMNTLKRKLEEKASASPGENDSGTGGEEPQRDKRLRTTITPEQLEILYQKYLLDSNPTRKMLDHIAHEVGLKKRVVQVWFQNTRARERKGQFRAVGPAQAHRRCPFCRALFKAKTALEAHIRSRHWHEAKRAGYNLTLSAMLLDCDGGLQMKGDIFDGTSFSHLPPSSSDGQGVPLSPVSKTMELSPRTLLSPSSIKVEGIEDFESPSMSSVNLNFDQTKLDNDDCSSVNTAITDTTTGDEGNADNDSATGIATETKSSSAPNEGLTKAAMMAMSEYEDRLSSGLVSPAPSFYSKEYDNEGTVDYSETSSLADPCSPSPGASGSAGKSGDSGDRPGQKRFRTQMTNLQLKVLKSCFNDYRTPTMLECEVLGNDIGLPKRVVQVWFQNARAKEKKSKLSMAKHFGINQTSYEGPKTECTLCGIKYSARLSVRDHIFSQQHISKVKDTIGSQLDKEKEYFDPATVRQLMAQQELDRIKKANEVLGLAAQQQGMFDNTPLQALNLPTAYPALQGIPPVLLPGLNSPSLPGFTPSNTALTSPKPNLMGLPSTTVPSPGLPTSGLPNKPSSASLSSPTPAQATMAMGPQQPPQQQQQQQQPQVQQPPPPPAAQPPPTPQLPLQQQQQRKDKDSEKVKEKEKAHKGKGEPLPVPKKEKGEAPTATAATISAPLPTMEYAVDPAQLQALQAALTSDPTALLTSQFLPYFVPGFSPYYAPQIPGALQSGYLQPMYGMEGLFPYSPALSQALMGLSPGSLLQQYQQYQQSLQEAIQQQQQRQLQQQQQQKVQQQQPKASQTPVPPGAPSPDKDPAKESPKPEEQKNTPREVSPLLPKLPEEPEAESKSADSLYDPFIVPKVQYKLVCRKCQAGFSDEEAARSHLKSLCFFGQSVVNLQEMVLHVPTGGGGGGSGGGGGGGGGGGGGGSYHCLACESALCGEEALSQHLESALHKHRTITRAARNAKEHPSLLPHSACFPDPSTASTSQSAAHSNDSPPPPSAAAPSSASPHASRKSWPQVVSRASAAKPPSFPPLSSSSTVTSSSCSTSGVQPSMPTDDYSEESDTDLSQKSDGPASPVEGPKDPSCPKDSGLTSVGTDTFRL			inframe_del	777-778	NA	NA	NA	0.0	NA	0.029	NA	NA	9.ZFHX3.ENST00000641206.1.inframe_del.777-778VA/A	
chr19	5207998	5207999	G	A	PTPRS	ENST00000587303.5	1	R/W	Cgg/Tgg	ENSG00000105426	ENST00000587303.5:c.5701C>T	ENSP00000467537.1:p.Arg1901Trp	MAPTWGPGMVSVVGPMGLLVVLLVGGCAAEEPPRFIKEPKDQIGVSGGVASFVCQATGDPKPRVTWNKKGKKVNSQRFETIEFDESAGAVLRIQPLRTPRDENVYECVAQNSVGEITVHAKLTVLREDQLPSGFPNIDMGPQLKVVERTRTATMLCAASGNPDPEITWFKDFLPVDPSASNGRIKQLRSETFESTPIRGALQIESSEETDQGKYECVATNSAGVRYSSPANLYVRELREVRRVAPRFSILPMSHEIMPGGNVNITCVAVGSPMPYVKWMQGAEDLTPEDDMPVGRNVLELTDVKDSANYTCVAMSSLGVIEAVAQITVKSLPKAPGTPMVTENTATSITITWDSGNPDPVSYYVIEYKSKSQDGPYQIKEDITTTRYSIGGLSPNSEYEIWVSAVNSIGQGPPSESVVTRTGEQAPASAPRNVQARMLSATTMIVQWEEPVEPNGLIRGYRVYYTMEPEHPVGNWQKHNVDDSLLTTVGSLLEDETYTVRVLAFTSVGDGPLSDPIQVKTQQGVPGQPMNLRAEARSETSITLSWSPPRQESIIKYELLFREGDHGREVGRTFDPTTSYVVEDLKPNTEYAFRLAARSPQGLGAFTPVVRQRTLQSKPSAPPQDVKCVSVRSTAILVSWRPPPPETHNGALVGYSVRYRPLGSEDPEPKEVNGIPPTTTQILLEALEKWTQYRITTVAHTEVGPGPESSPVVVRTDEDVPSAPPRKVEAEALNATAIRVLWRSPAPGRQHGQIRGYQVHYVRMEGAEARGPPRIKDVMLADAQWETDDTAEYEMVITNLQPETAYSITVAAYTMKGDGARSKPKVVVTKGAVLGRPTLSVQQTPEGSLLARWEPPAGTAEDQVLGYRLQFGREDSTPLATLEFPPSEDRYTASGVHKGATYVFRLAARSRGGLGEEAAEVLSIPEDTPRGHPQILEAAGNASAGTVLLRWLPPVPAERNGAIVKYTVAVREAGALGPARETELPAAAEPGAENALTLQGLKPDTAYDLQVRAHTRRGPGPFSPPVRYRTFLRDQVSPKNFKVKMIMKTSVLLSWEFPDNYNSPTPYKIQYNGLTLDVDGRTTKKLITHLKPHTFYNFVLTNRGSSLGGLQQTVTAWTAFNLLNGKPSVAPKPDADGFIMVYLPDGQSPVPVQSYFIVMVPLRKSRGGQFLTPLGSPEDMDLEELIQDISRLQRRSLRHSRQLEVPRPYIAARFSVLPPTFHPGDQKQYGGFDNRGLEPGHRYVLFVLAVLQKSEPTFAASPFSDPFQLDNPDPQPIVDGEEGLIWVIGPVLAVVFIICIVIAILLYKNKPDSKRKDSEPRTKCLLNNADLAPHHPKDPVEMRRINFQTPDSGLRSPLREPGFHFESMLSHPPIPIADMAEHTERLKANDSLKLSQEYESIDPGQQFTWEHSNLEVNKPKNRYANVIAYDHSRVILQPIEGIMGSDYINANYVDGYRCQNAYIATQGPLPETFGDFWRMVWEQRSATIVMMTRLEEKSRIKCDQYWPNRGTETYGFIQVTLLDTIELATFCVRTFSLHKNGSSEKREVRQFQFTAWPDHGVPEYPTPFLAFLRRVKTCNPPDAGPIVVHCSAGVGRTGCFIVIDAMLERIKPEKTVDVYGHVTLMRSQRNYMVQTEDQYSFIHEALLEAVGCGNTEVPARSLYAYIQKLAQVEPGEHVTGMELEFKRLANSKAHTSRFISANLPCNKFKNRLVNIMPYESTRVCLQPIRGVEGSDYINASFIDGYRQQKAYIATQGPLAETTEDFWRMLWENNSTIVVMLTKLREMGREKCHQYWPAERSARYQYFVVDPMAEYNMPQYILREFKVTDARDGQSRTVRQFQFTDWPEQGVPKSGEGFIDFIGQVHKTKEQFGQDGPISVHCSAGVGRTGVFITLSIVLERMRYEGVVDIFQTVKMLRTQRPAMVQTEDEYQFCYQAALEYLGSFDHYAT			missense	1901	NA	NA	NA	0.0	NA	0.032	NA	NA	10.PTPRS.ENST00000587303.5.missense.1901R/W	
